cycle,region,loaded_chunks,jobs,waiting,resident_mesh_bytes,rejected,border_checks,heap_after_gc_bytes
0,0,40,0,0,11232,3,2,11660120
1,1,40,0,0,63936,6,4,8775296
2,2,40,0,0,53352,9,6,9021256
3,3,40,0,0,55296,12,8,9691752
4,4,40,0,0,76896,15,10,9908800
5,5,40,0,0,83376,18,12,9982168
6,6,40,0,0,168912,21,14,10385960
7,7,40,0,0,86832,24,16,10506336
8,0,40,0,0,11232,27,18,10503384
9,1,40,0,0,63936,30,20,10560120
10,2,40,0,0,53352,33,22,10484600
11,3,40,0,0,55296,36,24,10884960
12,4,40,0,0,76896,39,26,10847112
13,5,40,0,0,83376,42,28,10534344
14,6,40,0,0,168912,45,30,10682328
15,7,40,0,0,86832,48,32,10546464
16,0,40,0,0,11232,51,34,10505640
17,1,40,0,0,63936,54,36,10561968
18,2,40,0,0,53352,57,38,10486040
19,3,40,0,0,55296,60,40,10886376
20,4,40,0,0,76896,63,42,10848120
21,5,40,0,0,83376,66,44,10534776
22,6,40,0,0,168912,69,46,10682352
23,7,40,0,0,86832,72,48,10546464
24,0,40,0,0,11232,75,50,10505640
25,1,40,0,0,63936,78,52,10561968
26,2,40,0,0,53352,81,54,10486040
27,3,40,0,0,55296,84,56,10887344
28,4,40,0,0,76896,87,58,10849088
29,5,40,0,0,83376,90,60,10535744
30,6,40,0,0,168912,93,62,10683320
31,7,40,0,0,86832,96,64,10547432
32,0,40,0,0,11232,99,66,10503992
33,1,40,0,0,63936,102,68,10560320
34,2,40,0,0,53352,105,70,10484392
35,3,40,0,0,55296,108,72,10884728
36,4,40,0,0,76896,111,74,10846472
37,5,40,0,0,83376,114,76,10533424
38,6,40,0,0,168912,117,78,10681000
39,7,40,0,0,86832,120,80,10545112
40,0,40,0,0,11232,123,82,10504288
41,1,40,0,0,63936,126,84,10560616
42,2,40,0,0,53352,129,86,10484688
43,3,40,0,0,55296,132,88,10885024
44,4,40,0,0,76896,135,90,10846768
45,5,40,0,0,83376,138,92,10533424
46,6,40,0,0,168912,141,94,10681000
47,7,40,0,0,86832,144,96,10545112
48,0,40,0,0,11232,147,98,10504288
49,1,40,0,0,63936,150,100,10560616
50,2,40,0,0,53352,153,102,10484688
51,3,40,0,0,55296,156,104,10885024
52,4,40,0,0,76896,159,106,10846768
53,5,40,0,0,83376,162,108,10533424
54,6,40,0,0,168912,165,110,10681000
55,7,40,0,0,86832,168,112,10545112
56,0,40,0,0,11232,171,114,10506224
57,1,40,0,0,63936,174,116,10562552
58,2,40,0,0,53352,177,118,10486624
59,3,40,0,0,55296,180,120,10886960
60,4,40,0,0,76896,183,122,10848704
61,5,40,0,0,83376,186,124,10535360
62,6,40,0,0,168912,189,126,10682936
63,7,40,0,0,86832,192,128,10893472
