frame,frame_ms,update_cpu_ms,stream_cpu_ms,render_cpu_ms,overlay_cpu_ms,video_capture_cpu_ms,snapshot_cpu_ms,mesh_worker_ms,upload_cpu_ms,upload_bytes,gpu_frame_ema_ms,gpu_shadow_last_ms,gpu_probe_last_ms,gpu_terrain_last_ms,gpu_water_last_ms,gpu_atmosphere_last_ms,gpu_post_last_ms,draws,triangles,visible_chunks,occluded_chunks,loaded_chunks,mesh_jobs,mesh_waiting,oldest_job_ms,distant_tiles,heap_used_bytes,estimated_vram_bytes,render_scale,allocation_bytes,gc_count,gc_ms,video_active
0,1308.67783,1.472076,8.0E-4,1295.960938,1.760712,7.95E-4,1.814302,3.967989,0.162343,8640.0,3468.4453125,0.3018079996109009,3.099999958067201E-5,988.1018676757812,0.09459199756383896,1.6218559741973877,57.3757438659668,99.0,41718.0,9.0,0.0,25.0,4.0,1.0,30982.0,29.0,1.07664416E8,2.3636096E7,1.0,800696.0,0.0,0.0,0.0
1,1341.616173,1.824272,0.001281,1328.378883,0.896465,5.95E-4,2.983574,3.174794,0.771629,15552.0,3223.230224609375,1.9496279954910278,3.199999991920777E-5,1092.1519775390625,0.017179999500513077,1.5933860540390015,58.20735549926758,110.0,52410.0,10.0,0.0,25.0,4.0,0.0,3865.0,37.0,1.11924288E8,2.4382952E7,1.0,763248.0,0.0,0.0,0.0
2,1040.603959,1.768596,8.3E-4,1028.844059,0.868604,6.58E-4,0.0,1.834381,0.138772,8856.0,3020.423095703125,0.2597520053386688,1.230000052601099E-4,1083.3502197265625,0.015553000383079052,0.7042070031166077,55.73329162597656,110.0,48986.0,11.0,0.0,25.0,3.0,0.0,4903.0,34.0,1.16813448E8,2.4962336E7,1.0,322944.0,0.0,0.0,0.0
3,1055.439343,1.165232,8.1E-4,1031.549135,0.940208,6.74E-4,0.0,2.482819,0.135354,12096.0,2846.720458984375,0.39242199063301086,3.099999958067201E-5,801.8880615234375,0.012436999939382076,2.9445950984954834,57.256500244140625,113.0,49322.0,12.0,0.0,25.0,2.0,0.0,4742.0,34.0,1.21295888E8,2.5674824E7,1.0,322960.0,0.0,0.0,0.0
4,1056.670441,1.090619,8.95E-4,1044.458968,1.276359,7.57E-4,0.0,1.785534,0.110047,7344.0,2693.0,5.907008171081543,3.899999865097925E-5,794.3182373046875,0.011127999983727932,0.6780670285224915,56.047454833984375,115.0,49458.0,13.0,0.0,25.0,1.0,0.0,4487.0,34.0,1.26087864E8,2.6234384E7,1.0,323208.0,0.0,0.0,0.0
5,1087.664511,1.721613,0.001019,1069.621243,1.222546,6.79E-4,0.0,2.115435,0.236742,7344.0,2525.6171875,0.3540180027484894,1.0699999984353781E-4,813.1967163085938,0.01155299972742796,1.0507479906082153,58.22724151611328,117.0,50710.0,13.0,0.0,25.0,0.0,0.0,0.0,35.0,1.3032456E8,2.6822336E7,1.0,325160.0,0.0,0.0,0.0
6,1232.751815,1.353217,0.001044,1217.905666,1.792326,9.99E-4,0.0,0.0,0.002479,0.0,2374.915771484375,3.8525900840759277,3.199999991920777E-5,830.8323364257812,0.01097199972718954,0.7620450258255005,59.7425422668457,101.0,48116.0,13.0,0.0,25.0,0.0,0.0,0.0,35.0,1.36122728E8,2.748644E7,1.0,313440.0,0.0,0.0,0.0
7,1671.46296,1.414724,0.001045,1653.018591,1.342984,0.001001,0.0,0.0,0.004483,0.0,2240.459228515625,4.999999873689376E-5,1.1200000153621659E-4,959.0853271484375,0.019610000774264336,1.1790679693222046,64.36902618408203,132.0,68444.0,13.0,0.0,25.0,0.0,0.0,0.0,50.0,2.40804208E8,2.83256E7,1.0,1112760.0,6.0,92.0,0.0
8,1408.091635,1.922009,0.001084,1393.711182,1.411962,9.83E-4,0.0,0.0,0.002557,0.0,2122.170654296875,1.0763009786605835,6.199999916134402E-5,1263.3607177734375,0.0891219973564148,0.7642509937286377,83.93209838867188,129.0,64612.0,13.0,0.0,25.0,0.0,0.0,0.0,47.0,2.00886896E8,2.9010704E7,1.0,324280.0,4.0,19.0,0.0
9,1254.117941,1.697211,8.53E-4,1240.788812,1.034061,7.76E-4,0.0,0.0,0.002865,0.0,2030.4951171875,4.05598783493042,4.8000001697801054E-5,1090.15185546875,0.017893999814987183,7.207779884338379,56.962791442871094,118.0,68554.0,13.0,0.0,25.0,0.0,0.0,0.0,52.0,2.060636E8,2.9835752E7,1.0,320816.0,0.0,0.0,0.0
10,1771.048519,1.374851,7.7E-4,1741.93299,1.727366,8.59E-4,0.0,0.0,0.003302,0.0,1989.6064453125,6.199999916134402E-5,4.999999873689376E-5,881.4715576171875,0.012280999682843685,0.887050986289978,57.2243766784668,135.0,73904.0,12.0,0.0,25.0,0.0,0.0,0.0,55.0,2.52387896E8,3.031304E7,1.0,1147016.0,7.0,101.0,0.0
11,1312.581969,3.42002,9.07E-4,1297.323145,1.354879,8.0E-4,0.0,0.0,0.002943,0.0,1928.945068359375,7.95792818069458,3.199999991920777E-5,1539.5982666015625,0.0166190005838871,1.7016719579696655,97.79547882080078,131.0,70826.0,11.0,0.0,25.0,0.0,0.0,0.0,53.0,2.57344944E8,3.1046528E7,1.0,327072.0,0.0,0.0,0.0
12,1260.138599,1.175604,9.18E-4,1244.337265,1.154795,0.00106,0.0,0.0,0.003588,0.0,1857.779296875,0.9837480187416077,6.399999983841553E-5,915.0623168945312,0.014909000135958195,0.8032600283622742,59.775306701660156,130.0,70746.0,10.0,0.0,25.0,0.0,0.0,0.0,53.0,2.622842E8,3.1694168E7,1.0,324736.0,0.0,0.0,0.0
13,1294.801246,1.164487,9.65E-4,1278.864862,0.937752,9.03E-4,0.0,0.0,0.003655,0.0,1843.736572265625,0.35095399618148804,5.0999999075429514E-5,917.4229736328125,0.025080999359488487,17.20071792602539,78.54629516601562,129.0,71764.0,9.0,0.0,25.0,0.0,0.0,0.0,54.0,2.67158192E8,3.2382632E7,1.0,326224.0,0.0,0.0,0.0
14,1364.083954,1.688613,0.00113,1352.043333,1.026356,7.84E-4,0.0,0.0,0.002767,0.0,1788.0963134765625,3.828439950942993,6.399999983841553E-5,943.572509765625,0.06906700134277344,0.8079280257225037,61.81685256958008,124.0,82500.0,9.0,0.0,25.0,0.0,0.0,0.0,65.0,2.71352496E8,3.3056312E7,1.0,327912.0,0.0,0.0,0.0
15,1479.697947,3.352832,0.001215,1464.753208,0.793543,8.77E-4,0.0,0.0,0.002853,0.0,1732.895751953125,5.199999941396527E-5,4.199999966658652E-5,1034.692138671875,0.009204999543726444,0.6680769920349121,57.24432373046875,142.0,85964.0,9.0,0.0,25.0,0.0,0.0,0.0,67.0,2.75685928E8,3.3543512E7,1.0,329688.0,0.0,0.0,0.0
16,1115.539906,1.439877,0.0015,1101.366463,0.902371,7.61E-4,0.0,0.0,0.002622,0.0,1686.3170166015625,2.280648946762085,4.199999966658652E-5,1146.0517578125,0.024515999481081963,0.7163509726524353,63.83479690551758,140.0,83760.0,9.0,0.0,25.0,0.0,0.0,0.0,65.0,2.80368064E8,3.4057088E7,1.0,333832.0,0.0,0.0,0.0
17,1042.472465,1.208375,0.001333,1028.640398,1.856903,7.95E-4,0.0,0.0,0.002675,0.0,1651.6959228515625,3.9219629764556885,9.699999645818025E-5,769.3125,0.013140999712049961,0.8714540004730225,57.413185119628906,145.0,88670.0,9.0,0.0,25.0,0.0,0.0,0.0,70.0,2.86171856E8,3.4760672E7,1.0,334096.0,0.0,0.0,0.0
18,1065.178863,1.036883,0.001035,1052.11189,0.99859,6.25E-4,0.0,0.0,0.003021,0.0,1631.6282958984375,0.34745898842811584,5.199999941396527E-5,685.8191528320312,0.021226000040769577,0.6507070064544678,56.65398025512695,148.0,90718.0,9.0,0.0,25.0,0.0,0.0,0.0,73.0,2.9127544E8,3.5579672E7,1.0,336008.0,0.0,0.0,0.0
19,1110.206039,1.029803,8.04E-4,1097.205611,1.180681,6.43E-4,0.0,0.0,0.003547,0.0,1577.4161376953125,0.4818060100078583,1.9500000053085387E-4,698.0839233398438,0.030146000906825066,0.6641730070114136,63.01011657714844,146.0,88456.0,9.0,0.0,25.0,0.0,0.0,0.0,71.0,2.97042608E8,3.6280232E7,1.0,336160.0,0.0,0.0,0.0
20,1107.322335,1.462733,0.001189,1094.268511,1.092948,8.15E-4,0.0,0.0,0.0028,0.0,1521.7003173828125,0.3812519907951355,1.2599999899975955E-4,722.2999877929688,0.04680600017309189,1.0083999633789062,60.45024871826172,146.0,88456.0,9.0,0.0,25.0,0.0,0.0,0.0,71.0,3.02809776E8,3.7128464E7,1.0,335152.0,0.0,0.0,0.0
21,1074.242799,3.66667,9.98E-4,1057.789567,1.4795,0.001597,0.0,0.0,0.003538,0.0,1473.2879638671875,0.3670229911804199,5.500000042957254E-5,684.9669799804688,0.009375999681651592,1.0439480543136597,58.87397766113281,148.0,90638.0,9.0,0.0,25.0,0.0,0.0,0.0,73.0,3.07528368E8,3.7940408E7,1.0,336864.0,0.0,0.0,0.0
22,1200.574071,1.677438,0.001548,1185.632608,1.21985,0.001107,0.0,0.0,0.002939,0.0,1434.318603515625,0.31999000906944275,4.5000000682193786E-5,697.093994140625,0.014739000238478184,1.60378897190094,58.04844665527344,143.0,100872.0,9.0,0.0,25.0,0.0,0.0,0.0,84.0,3.1291044E8,3.8637776E7,1.0,332552.0,0.0,0.0,0.0
23,1308.716646,1.221122,0.001324,1296.420518,1.069772,0.001062,0.0,0.0,0.002681,0.0,1399.2103271484375,3.099999958067201E-5,3.099999958067201E-5,794.7787475585938,0.011339999735355377,0.7880520224571228,59.04816818237305,159.0,104440.0,8.0,0.0,25.0,0.0,0.0,0.0,86.0,3.1753824E8,3.9364208E7,1.0,340784.0,0.0,0.0,0.0
